<?xml version="1.0" encoding="UTF-8"?>
<databaseChangeLog 
	xmlns="http://www.liquibase.org/xml/ns/dbchangelog" 
	xmlns:xsi="http://www.w3.org/2001/XMLSchema-instance" 
	xmlns:n0="http://www.oracle.com/xml/ns/dbchangelog-ext" 
	xsi:schemaLocation="http://www.liquibase.org/xml/ns/dbchangelog 
	http://www.liquibase.org/xml/ns/dbchangelog/dbchangelog-3.9.xsd">
	<changeSet id="6a844080d0572fb8b89d6f8d2b1db4741a827700" author="(GLTRAINING)-Generated" failOnError="false"    >
		<n0:createSxmlObject objectName="EMP" objectType="table" ownerName="GLTRAINING"   >
			<n0:source><![CDATA[<?xml version="1.0" encoding="UTF-8" standalone="no"?><TABLE xmlns="http://xmlns.oracle.com/ku" version="1.0">
   <SCHEMA>GLTRAINING</SCHEMA>
   <NAME>EMP</NAME>
   <RELATIONAL_TABLE>
      <COL_LIST>
         <COL_LIST_ITEM>
            <NAME>EMPID</NAME>
            <DATATYPE>NUMBER</DATATYPE>
            <PRECISION>8</PRECISION>
            <SCALE>0</SCALE>
         </COL_LIST_ITEM>
         <COL_LIST_ITEM>
            <NAME>EMPNAME</NAME>
            <DATATYPE>VARCHAR2</DATATYPE>
            <LENGTH>40</LENGTH>
         </COL_LIST_ITEM>
         <COL_LIST_ITEM>
            <NAME>DOJ</NAME>
            <DATATYPE>DATE</DATATYPE>
         </COL_LIST_ITEM>
         <COL_LIST_ITEM>
            <NAME>AGE</NAME>
            <DATATYPE>NUMBER</DATATYPE>
            <SCALE>0</SCALE>
         </COL_LIST_ITEM>
         <COL_LIST_ITEM>
            <NAME>GENDER</NAME>
            <DATATYPE>CHAR</DATATYPE>
            <LENGTH>1</LENGTH>
         </COL_LIST_ITEM>
         <COL_LIST_ITEM>
            <NAME>DEPTID</NAME>
            <DATATYPE>NUMBER</DATATYPE>
            <PRECISION>5</PRECISION>
            <SCALE>0</SCALE>
         </COL_LIST_ITEM>
         <COL_LIST_ITEM>
            <NAME>SALARY</NAME>
            <DATATYPE>NUMBER</DATATYPE>
            <PRECISION>12</PRECISION>
            <SCALE>2</SCALE>
         </COL_LIST_ITEM>
         <COL_LIST_ITEM>
            <NAME>MGR_ID</NAME>
            <DATATYPE>NUMBER</DATATYPE>
            <PRECISION>8</PRECISION>
            <SCALE>0</SCALE>
         </COL_LIST_ITEM>
      </COL_LIST>
      <PRIMARY_KEY_CONSTRAINT_LIST>
         <PRIMARY_KEY_CONSTRAINT_LIST_ITEM>
            <NAME>PK_EMPID_EMP</NAME>
            <COL_LIST>
               <COL_LIST_ITEM>
                  <NAME>EMPID</NAME>
               </COL_LIST_ITEM>
            </COL_LIST>
            <USING_INDEX>
               <INDEX_ATTRIBUTES>
                  <PCTFREE>10</PCTFREE>
                  <INITRANS>2</INITRANS>
                  <STORAGE>
                     <INITIAL>65536</INITIAL>
                     <NEXT>1048576</NEXT>
                     <MINEXTENTS>1</MINEXTENTS>
                     <MAXEXTENTS>2147483645</MAXEXTENTS>
                     <PCTINCREASE>0</PCTINCREASE>
                     <FREELISTS>1</FREELISTS>
                     <FREELIST_GROUPS>1</FREELIST_GROUPS>
                     <BUFFER_POOL>DEFAULT</BUFFER_POOL>
                     <FLASH_CACHE>DEFAULT</FLASH_CACHE>
                     <CELL_FLASH_CACHE>DEFAULT</CELL_FLASH_CACHE>
                  </STORAGE>
                  <TABLESPACE>USERS</TABLESPACE>
                  <LOGGING>Y</LOGGING>
               </INDEX_ATTRIBUTES>
            </USING_INDEX>
         </PRIMARY_KEY_CONSTRAINT_LIST_ITEM>
      </PRIMARY_KEY_CONSTRAINT_LIST>
      <FOREIGN_KEY_CONSTRAINT_LIST>
         <FOREIGN_KEY_CONSTRAINT_LIST_ITEM>
            <NAME>FK_DEPT_DEPID</NAME>
            <COL_LIST>
               <COL_LIST_ITEM>
                  <NAME>DEPTID</NAME>
               </COL_LIST_ITEM>
            </COL_LIST>
            <REFERENCES>
               <SCHEMA>GLTRAINING</SCHEMA>
               <NAME>DEPT</NAME>
               <COL_LIST>
                  <COL_LIST_ITEM>
                     <NAME>DEPTID</NAME>
                  </COL_LIST_ITEM>
               </COL_LIST>
            </REFERENCES>
         </FOREIGN_KEY_CONSTRAINT_LIST_ITEM>
      </FOREIGN_KEY_CONSTRAINT_LIST>
      <PHYSICAL_PROPERTIES>
         <HEAP_TABLE>
            <SEGMENT_ATTRIBUTES>
               <PCTFREE>10</PCTFREE>
               <PCTUSED>40</PCTUSED>
               <INITRANS>1</INITRANS>
               <STORAGE>
                  <INITIAL>65536</INITIAL>
                  <NEXT>1048576</NEXT>
                  <MINEXTENTS>1</MINEXTENTS>
                  <MAXEXTENTS>2147483645</MAXEXTENTS>
                  <PCTINCREASE>0</PCTINCREASE>
                  <FREELISTS>1</FREELISTS>
                  <FREELIST_GROUPS>1</FREELIST_GROUPS>
                  <BUFFER_POOL>DEFAULT</BUFFER_POOL>
                  <FLASH_CACHE>DEFAULT</FLASH_CACHE>
                  <CELL_FLASH_CACHE>DEFAULT</CELL_FLASH_CACHE>
               </STORAGE>
               <TABLESPACE>USERS</TABLESPACE>
               <LOGGING>Y</LOGGING>
            </SEGMENT_ATTRIBUTES>
            <COMPRESS>N</COMPRESS>
         </HEAP_TABLE>
      </PHYSICAL_PROPERTIES>
   </RELATIONAL_TABLE>
</TABLE>]]></n0:source>
		</n0:createSxmlObject>
	</changeSet>
</databaseChangeLog>
